timestamp,data
1745441678.9281142,-1
1745441678.9281142,-2
1745441678.9281142,-3
1745441678.9281142,-4
1745441678.9281142,-5
1745441679.8305478,-4
1745441679.8660004,-3
1745441679.8809001,-2
1745441679.89487,-1
1745441679.9031477,0
1745441679.906867,1
1745441679.9152877,2
1745441679.918313,3
1745441679.926243,4
1745441679.9316676,5
1745441679.9341092,6
1745441679.9398174,7
1745441679.9425077,8
1745441679.9480252,9
1745441679.9519196,10
1745441679.9566267,11
1745441679.9591286,12
1745441679.9646235,13
1745441679.965251,14
1745441679.9670677,15
1745441679.9731443,16
1745441679.9756908,17
1745441679.9812012,18
1745441679.98303,19
1745441679.98303,20
1745441679.9895685,21
1745441679.9914646,22
1745441679.9914646,23
1745441679.9973557,24
1745441679.9998724,25
1745441679.9998724,26
1745441680.006126,27
1745441680.0071967,28
1745441680.0071967,29
1745441680.014016,30
1745441680.0150688,31
1745441680.0150688,32
1745441680.0222414,33
1745441680.0222414,34
1745441680.0247684,35
1745441680.030608,36
1745441680.030608,37
1745441680.0321677,38
1745441680.0321677,39
1745441680.0389888,40
1745441680.0428493,41
1745441680.0428493,42
1745441680.0448492,43
1745441680.0506601,44
1745441680.0506601,45
1745441680.0536604,46
1745441680.0590193,47
1745441680.0590193,48
1745441680.0610197,49
1745441680.0610197,50
1745441680.067343,51
1745441680.0693436,52
1745441680.0693436,53
1745441680.0756145,54
1745441680.0756145,55
1745441680.0776145,56
1745441680.0838327,57
1745441680.0838327,58
1745441680.0858326,59
1745441680.089303,60
1745441680.089303,61
1745441680.095778,62
1745441680.0976565,63
1745441680.103843,64
1745441680.103843,65
1745441680.1065187,66
1745441680.1065187,67
1745441680.1156065,68
1745441680.118839,69
1745441680.118839,70
1745441680.124878,71
1745441680.1268778,72
1745441680.1321917,73
1745441680.1332142,74
1745441680.135214,75
1745441680.140667,76
1745441680.1436996,77
1745441680.1487927,78
1745441680.1487927,79
1745441680.1518202,80
1745441680.157465,81
1745441680.1594884,82
1745441680.1656883,83
1745441680.1678817,84
1745441680.1678817,85
1745441680.1740334,86
1745441680.176064,87
1745441680.1818728,88
1745441680.1845896,89
1745441680.1845896,90
1745441680.1901147,91
1745441680.1926556,92
1745441680.198375,93
1745441680.198681,94
1745441680.2010314,95
1745441680.206785,96
1745441680.206785,97
1745441680.2083073,98
1745441680.2083073,99
1745441680.214806,100
1745441680.2165344,101
1745441680.2165344,102
1745441680.2229602,103
1745441680.2229602,104
1745441680.2267554,105
1745441680.231271,106
1745441680.2346883,107
1745441680.239602,108
1745441680.2427874,109
1745441680.2437866,110
1745441680.2473817,111
1745441680.2511792,112
1745441680.2556043,113
1745441680.2590814,114
1745441680.2640011,115
1745441680.2651188,116
1745441680.2651188,117
1745441680.2763455,118
1745441680.2783458,119
1745441680.28062,120
1745441680.2813354,121
1745441680.2882082,122
1745441680.2900522,123
1745441680.2944863,124
1745441680.300305,125
1745441680.300305,126
1745441680.3033037,127
1745441680.3085299,128
1745441680.3085299,129
1745441680.3127296,130
1745441680.3173218,131
1745441680.3173218,132
1745441680.3193219,133
1745441680.3247652,134
1745441680.3277676,135
1745441680.3332744,136
1745441680.3362737,137
1745441680.3413167,138
1745441680.3443155,139
1745441680.3494356,140
1745441680.3524349,141
1745441680.3598971,142
1745441680.3660986,143
1745441680.3680978,144
1745441680.3817654,145
1745441680.3944585,146
1745441680.4109044,147
1745441680.4395683,148
1745441680.5847015,147
1745441680.5889547,146
1745441680.604517,145
1745441680.611872,144
1745441680.6149712,143
1745441680.6245198,142
1745441680.6285195,141
1745441680.6319733,140
1745441680.6350384,139
1745441680.6403887,138
1745441680.642537,137
1745441680.6488988,136
1745441680.6488988,135
1745441680.6518972,134
1745441680.6570477,133
1745441680.65912,132
1745441680.6648648,131
1745441680.6688063,130
1745441680.6737359,129
1745441680.6777508,128
1745441680.681626,127
1745441680.6820014,126
1745441680.6854684,125
1745441680.6899183,124
1745441680.6936538,123
1745441680.6982274,122
1745441680.6982274,121
1745441680.702001,120
1745441680.7065535,119
1745441680.71031,118
1745441680.7138808,117
1745441680.7148898,116
1745441680.718612,115
1745441680.7222395,114
1745441680.7222395,113
1745441680.7268198,112
1745441680.7305367,111
1745441680.7305367,110
1745441680.7351365,109
1745441680.7389038,108
1745441680.74022,107
1745441680.74022,106
1745441680.7473207,105
1745441680.7515059,104
1745441680.7535055,103
1745441680.7593067,102
1745441680.7623072,101
1745441680.767437,100
1745441680.7704375,99
1745441680.7757916,98
1745441680.7841902,97
1745441680.7841902,96
1745441680.7871897,95
1745441680.7915907,94
1745441680.7925882,93
1745441680.795588,92
1745441680.795588,91
1745441680.8006332,90
1745441680.8006332,89
1745441680.8026338,88
1745441680.8026338,87
1745441680.808324,86
1745441680.808324,85
1745441680.8092172,84
1745441680.8092172,83
1745441680.8092172,82
1745441680.8171728,81
1745441680.8171728,80
1745441680.8201723,79
1745441680.8201723,78
1745441680.8236582,77
1745441680.8236582,76
1745441680.8289578,75
1745441680.8289578,74
1745441680.8333354,73
1745441680.8373334,72
1745441680.8373334,71
1745441680.8413608,70
1745441680.8413608,69
1745441680.8433602,68
1745441680.8498306,67
1745441680.8498306,66
1745441680.8518298,65
1745441680.8570848,64
1745441680.8581593,63
1745441680.8601563,62
1745441680.8661928,61
1745441680.8661928,60
1745441680.8691962,59
1745441680.8738034,58
1745441680.8738034,57
1745441680.8758981,56
1745441680.8820086,55
1745441680.8820086,54
1745441680.8842685,53
1745441680.8902268,52
1745441680.8942316,51
1745441680.898649,50
1745441680.9026532,49
1745441680.9070363,48
1745441680.9070363,47
1745441680.9070363,46
1745441680.915338,45
1745441680.9174669,44
1745441680.9174669,43
1745441680.9234831,42
1745441680.9257216,41
1745441680.9257216,40
1745441680.931191,39
1745441680.934112,38
1745441680.934112,37
1745441680.9396422,36
1745441680.9418385,35
1745441680.9418385,34
1745441680.9478564,33
1745441680.9495497,32
1745441680.9556828,31
1745441680.9556828,30
1745441680.959778,29
1745441680.9639626,28
1745441680.9652948,27
1745441680.9722724,26
1745441680.9766617,25
1745441680.9805777,24
1745441680.9815862,23
1745441680.9890416,22
1745441680.9910514,21
1745441680.9910514,20
1745441680.9994006,19
1745441681.008141,18
1745441681.012771,17
1745441681.0157664,16
1745441681.0157664,15
1745441681.023812,14
1745441681.0297105,13
1745441681.031712,12
1745441681.031712,11
1745441681.0415666,10
1745441681.0445652,9
1745441681.0499341,8
1745441681.0519328,7
1745441681.058155,6
1745441681.0601547,5
1745441681.0666738,4
1745441681.074391,3
1745441681.0783908,2
1745441681.0831032,1
1745441681.087103,0
1745441681.0913758,-1
1745441681.093375,-2
1745441681.0996149,-3
1745441681.1036203,-4
1745441681.1074903,-5
1745441681.1085918,-6
1745441681.1085918,-7
1745441681.1157427,-8
1745441681.1179075,-9
1745441681.1240032,-10
1745441681.1260402,-11
1745441681.1260402,-12
1745441681.1323643,-13
1745441681.1363688,-14
1745441681.139915,-15
1745441681.1443658,-16
1745441681.1482823,-17
1745441681.1511707,-18
1745441681.156674,-19
1745441681.160358,-20
1745441681.161351,-21
1745441681.1652737,-22
1745441681.1688373,-23
1745441681.1733112,-24
1745441681.177398,-25
1745441681.1815975,-26
1745441681.1853302,-27
1745441681.188917,-28
1745441681.1936007,-29
1745441681.1972725,-30
1745441681.2018094,-31
1745441681.205697,-32
1745441681.2094617,-33
1745441681.213935,-34
1745441681.217591,-35
1745441681.2222464,-36
1745441681.2232943,-37
1745441681.2302837,-38
1745441681.2329993,-39
1745441681.2389693,-40
1745441681.243078,-41
1745441681.2450762,-42
1745441681.250765,-43
1745441681.2537704,-44
1745441681.2586553,-45
1745441681.2669294,-46
1745441681.2709281,-47
1745441681.2753341,-48
1745441681.283119,-49
1745441681.2870898,-50
1745441681.2870898,-51
1745441681.2913158,-52
1745441681.294314,-53
1745441681.29966,-54
1745441681.3026628,-55
1745441681.3026628,-56
1745441681.3081515,-57
1745441681.3101494,-58
1745441681.3167179,-59
1745441681.3182194,-60
1745441681.3182194,-61
1745441681.3247652,-62
1745441681.3267636,-63
1745441681.3328755,-64
1745441681.3368728,-65
1745441681.3404703,-66
1745441681.3435674,-67
1745441681.3489978,-68
1745441681.3520715,-69
1745441681.357098,-70
1745441681.3600998,-71
1745441681.3659225,-72
1745441681.369925,-73
1745441681.3736484,-74
1745441681.3776488,-75
1745441681.382096,-76
1745441681.384148,-77
1745441681.3903346,-78
1745441681.3943388,-79
1745441681.3982651,-80
1745441681.4023602,-81
1745441681.4066966,-82
1745441681.4070523,-83
1745441681.4070523,-84
1745441681.4148078,-85
1745441681.4168556,-86
1745441681.4233408,-87
1745441681.4233408,-88
1745441681.425027,-89
1745441681.4315257,-90
1745441681.4315257,-91
1745441681.4348054,-92
1745441681.4389732,-93
1745441681.4389732,-94
1745441681.439979,-95
1745441681.4472904,-96
1745441681.4472904,-97
1745441681.4516697,-98
1745441681.4516697,-99
1745441681.4557035,-100
1745441681.4595401,-101
1745441681.4595401,-102
1745441681.46403,-103
1745441681.46403,-104
1745441681.468073,-105
1745441681.468073,-106
1745441681.472397,-107
1745441681.472397,-108
1745441681.4762828,-109
1745441681.4762828,-110
1745441681.4806392,-111
1745441681.4806392,-112
1745441681.4843826,-113
1745441681.4843826,-114
1745441681.488936,-115
1745441681.4924543,-116
1745441681.4924543,-117
1745441681.4954543,-118
1745441681.4954543,-119
1745441681.5009158,-120
1745441681.5009158,-121
1745441681.5039155,-122
1745441681.5039155,-123
1745441681.5092983,-124
1745441681.5092983,-125
1745441681.5122988,-126
1745441681.5122988,-127
1745441681.5175369,-128
1745441681.5175369,-129
1745441681.5195374,-130
1745441681.5256891,-131
1745441681.5256891,-132
1745441681.5276887,-133
1745441681.5337265,-134
1745441681.5337265,-135
1745441681.5367255,-136
1745441681.541305,-137
1745441681.5443046,-138
1745441681.5443046,-139
1745441681.5497808,-140
1745441681.5517797,-141
1745441681.558063,-142
1745441681.5601356,-143
1745441681.5601356,-144
1745441681.5657399,-145
1745441681.5699348,-146
1745441681.5740027,-147
1745441681.5750794,-148
1745441681.5821488,-149
1745441681.5852096,-150
1745441681.5903785,-151
1745441681.5934193,-152
1745441681.5993729,-153
1745441681.603372,-154
1745441681.6071377,-155
1745441681.6071377,-156
1745441681.6091897,-157
1745441681.6156542,-158
1745441681.6176867,-159
1745441681.6276417,-160
1745441681.631645,-161
1745441681.631645,-162
1745441681.6403477,-163
1745441681.6418421,-164
1745441681.6486776,-165
1745441681.6486776,-166
1745441681.652682,-167
1745441681.656649,-168
1745441681.656649,-169
1745441681.660184,-170
1745441681.665033,-171
1745441681.665033,-172
1745441681.6685748,-173
1745441681.6685748,-174
1745441681.672298,-175
1745441681.6733534,-176
1745441681.6768823,-177
1745441681.6806123,-178
1745441681.6806123,-179
1745441681.6852713,-180
1745441681.6852713,-181
1745441681.6889696,-182
1745441681.6935186,-183
1745441681.6935186,-184
1745441681.6972973,-185
1745441681.7018044,-186
1745441681.7018044,-187
1745441681.705715,-188
1745441681.7071981,-189
1745441681.7140336,-190
1745441681.7140336,-191
1745441681.71748,-192
1745441681.7222912,-193
1745441681.7257833,-194
1745441681.7257833,-195
1745441681.7287838,-196
1745441681.7343268,-197
1745441681.7373269,-198
1745441681.7427475,-199
1745441681.7457452,-200
1745441681.7509563,-201
1745441681.7539563,-202
1745441681.7592595,-203
1745441681.7612598,-204
1745441681.7665267,-205
1745441681.7748127,-206
1745441681.7837389,-207
1745441681.7877421,-208
1745441681.7936206,-209
1745441681.9441144,-208
1745441681.9441144,-207
1745441681.9681613,-206
1745441681.9722908,-205
1745441681.9788718,-204
1745441681.984336,-203
1745441681.9955857,-202
1745441681.9982908,-201
1745441682.0112548,-200
1745441682.0167413,-199
1745441682.0252383,-198
1745441682.029238,-197
1745441682.033259,-196
1745441682.041786,-195
1745441682.0457892,-194
1745441682.0457892,-193
1745441682.0496829,-192
1745441682.0516818,-191
1745441682.0581715,-190
1745441682.0601704,-189
1745441682.066416,-188
1745441682.066416,-187
1745441682.0684154,-186
1745441682.073959,-185
1745441682.0770352,-184
1745441682.0821207,-183
1745441682.0841918,-182
1745441682.089975,-181
1745441682.094561,-180
1745441682.094561,-179
1745441682.0983138,-178
1745441682.0983138,-177
1745441682.1071627,-176
1745441682.1071627,-175
1745441682.10919,-174
1745441682.115286,-173
1745441682.115286,-172
1745441682.1175156,-171
1745441682.1233819,-170
1745441682.1240475,-169
1745441682.1275606,-168
1745441682.1316879,-167
1745441682.1316879,-166
1745441682.135406,-165
1745441682.1400373,-164
1745441682.1400373,-163
1745441682.1400373,-162
1745441682.1480935,-161
1745441682.1524022,-160
1745441682.155752,-159
1745441682.156758,-158
1745441682.1605797,-157
1745441682.1640785,-156
1745441682.168915,-155
1745441682.168915,-154
1745441682.1723957,-153
1745441682.176383,-152
1745441682.176383,-151
1745441682.1806986,-150
1745441682.1806986,-149
1745441682.1843393,-148
1745441682.1889918,-147
1745441682.1889918,-146
1745441682.1926267,-145
1745441682.1936266,-144
1745441682.1973214,-143
1745441682.1973214,-142
1745441682.2008665,-141
1745441682.2008665,-140
1745441682.2056673,-139
1745441682.2094233,-138
1745441682.2094233,-137
1745441682.2124262,-136
1745441682.2175598,-135
1745441682.2175598,-134
1745441682.2205598,-133
1745441682.225887,-132
1745441682.2288866,-131
1745441682.2288866,-130
1745441682.234112,-129
1745441682.2371116,-128
1745441682.2371116,-127
1745441682.2424138,-126
1745441682.2443452,-125
1745441682.2443452,-124
1745441682.2507575,-123
1745441682.2507575,-122
1745441682.2527573,-121
1745441682.2580702,-120
1745441682.259069,-119
1745441682.2610683,-118
1745441682.2664313,-117
1745441682.2664313,-116
1745441682.2694285,-115
1745441682.2747269,-114
1745441682.2777245,-113
1745441682.2829578,-112
1745441682.291448,-111
1745441682.2954452,-110
1745441682.2999203,-109
1745441682.3039243,-108
1745441682.3076227,-107
1745441682.3096802,-106
1745441682.3156388,-105
1745441682.3186462,-104
1745441682.3233967,-103
1745441682.3250155,-102
1745441682.3324318,-101
1745441682.3324318,-100
1745441682.3400593,-99
1745441682.3447108,-98
1745441682.3487144,-97
1745441682.3523664,-96
1745441682.3566704,-95
1745441682.3613322,-94
1745441682.3613322,-93
1745441682.3650804,-92
1745441682.3655329,-91
1745441682.3734002,-90
1745441682.3734002,-89
1745441682.3775086,-88
1745441682.3817425,-87
1745441682.3852496,-86
1745441682.3899865,-85
1745441682.3935547,-84
1745441682.397428,-83
1745441682.4018457,-82
1745441682.405647,-81
1745441682.4100924,-80
1745441682.4139884,-79
1745441682.4184554,-78
1745441682.4223208,-77
1745441682.4262815,-76
1745441682.4262815,-75
1745441682.4306576,-74
1745441682.4341931,-73
1745441682.4390116,-72
1745441682.4431758,-71
1745441682.447403,-70
1745441682.447403,-69
1745441682.4511113,-68
1745441682.4519687,-67
1745441682.4557066,-66
1745441682.459474,-65
1745441682.4624743,-64
1745441682.4624743,-63
1745441682.467695,-62
1745441682.467695,-61
1745441682.470695,-60
1745441682.470695,-59
1745441682.4759884,-58
1745441682.4759884,-57
1745441682.4779887,-56
1745441682.4840605,-55
1745441682.4840605,-54
1745441682.4860604,-53
1745441682.4860604,-52
1745441682.4923484,-51
1745441682.4923484,-50
1745441682.4943485,-49
1745441682.4996924,-48
1745441682.500694,-47
1745441682.5026906,-46
1745441682.5080914,-45
1745441682.5110936,-44
1745441682.5164304,-43
1745441682.5184278,-42
1745441682.5249548,-41
1745441682.5274622,-40
1745441682.533123,-39
1745441682.541446,-38
1745441682.5454452,-37
1745441682.548802,-36
1745441682.5538268,-35
1745441682.5570242,-34
1745441682.560083,-33
1745441682.560083,-32
1745441682.5654216,-31
1745441682.568453,-30
1745441682.573702,-29
1745441682.575794,-28
1745441682.5818784,-27
1745441682.5818784,-26
1745441682.5841463,-25
1745441682.5902965,-24
1745441682.5942738,-23
1745441682.598849,-22
1745441682.598849,-21
1745441682.6006997,-20
1745441682.6066701,-19
1745441682.6111965,-18
1745441682.6111965,-17
1745441682.6150548,-16
1745441682.6187725,-15
1745441682.6233454,-14
1745441682.6233454,-13
1745441682.6274648,-12
1745441682.6316748,-11
1745441682.635749,-10
1745441682.635749,-9
1745441682.638999,-8
1745441682.6439278,-7
1745441682.6439278,-6
1745441682.6473515,-5
1745441682.6483574,-4
1745441682.6483574,-3
1745441682.6556616,-2
1745441682.6556616,-1
1745441682.6598706,0
1745441682.6598706,1
1745441682.6640158,2
1745441682.6685555,3
1745441682.6685555,4
1745441682.6723647,5
1745441682.6723647,6
1745441682.6759825,7
1745441682.6759825,8
1745441682.6807847,9
1745441682.6843593,10
1745441682.6843593,11
1745441682.687359,12
1745441682.6925566,13
1745441682.6925566,14
1745441682.6955562,15
1745441682.7008407,16
1745441682.7008407,17
1745441682.7038403,18
1745441682.709423,19
1745441682.709423,20
1745441682.7124257,21
1745441682.7176082,22
1745441682.7176082,23
1745441682.7196078,24
1745441682.725308,25
1745441682.725308,26
1745441682.7283113,27
1745441682.7334144,28
1745441682.7354677,29
1745441682.7417858,30
1745441682.7417858,31
1745441682.743784,32
1745441682.7500918,33
1745441682.7520914,34
1745441682.7520914,35
1745441682.7582505,36
1745441682.760248,37
1745441682.7665322,38
1745441682.7665322,39
1745441682.768531,40
1745441682.774882,41
1745441682.774882,42
1745441682.7768815,43
1745441682.7832139,44
1745441682.7832139,45
1745441682.785213,46
1745441682.7904608,47
1745441682.7915573,48
1745441682.7935565,49
1745441682.798749,50
1745441682.798749,51
1745441682.8018162,52
1745441682.807186,53
1745441682.807186,54
1745441682.8092682,55
1745441682.8092682,56
1745441682.8150253,57
1745441682.8191545,58
1745441682.823885,59
1745441682.8273935,60
1745441682.832082,61
1745441682.832082,62
1745441682.835623,63
1745441682.8401005,64
1745441682.843903,65
1745441682.8484192,66
1745441682.8489096,67
1745441682.851939,68
1745441682.8567367,69
1745441682.8567367,70
1745441682.8567367,71
1745441682.8645709,72
1745441682.8645709,73
1745441682.867513,74
1745441682.8731935,75
1745441682.8766878,76
1745441682.8766878,77
1745441682.88069,78
1745441682.8850327,79
1745441682.8890915,80
1745441682.893381,81
1745441682.897412,82
1745441682.897412,83
1745441682.9011142,84
1745441682.9056976,85
1745441682.9056976,86
1745441682.9093196,87
1745441682.9140394,88
1745441682.9140394,89
1745441682.917867,90
1745441682.917867,91
1745441682.9223807,92
1745441682.9223807,93
1745441682.9223807,94
1745441682.9265153,95
1745441682.9265153,96
1745441682.9306974,97
1745441682.9306974,98
1745441682.9341865,99
1745441682.9341865,100
1745441682.9371865,101
1745441682.9390213,102
1745441682.9390213,103
1745441682.9424338,104
1745441682.9424338,105
1745441682.9454339,106
1745441682.9454339,107
1745441682.9510138,108
1745441682.9540136,109
1745441682.9540136,110
1745441682.959179,111
1745441682.961179,112
1745441682.9674253,113
1745441682.9694254,114
1745441682.975716,115
1745441682.975716,116
1745441682.9777162,117
1745441682.9831033,118
1745441682.986101,119
1745441682.9914577,120
1745441682.9944553,121
1745441682.9997811,122
1745441683.0017786,123
1745441683.0078113,124
1745441683.011813,125
1745441683.016373,126
1745441683.0183709,127
1745441683.0247173,128
1745441683.0269017,129
1745441683.0324624,130
1745441683.0352511,131
1745441683.0352511,132
1745441683.040752,133
1745441683.0437796,134
1745441683.048955,135
1745441683.048955,136
1745441683.0510104,137
1745441683.0570717,138
1745441683.0591478,139
1745441683.065276,140
1745441683.0692797,141
1745441683.0738266,142
1745441683.0738266,143
1745441683.0758636,144
1745441683.0821133,145
1745441683.0841954,146
1745441683.0903249,147
1745441683.0943413,148
1745441683.1018114,149
1745441683.106712,150
1745441683.1102283,151
1745441683.115044,152
1745441683.115044,153
1745441683.118781,154
1745441683.1224344,155
1745441683.1268504,156
1745441683.130737,157
1745441683.1355166,158
1745441683.1390748,159
1745441683.143101,160
1745441683.2051888,161
1745441683.2314663,162
1745441683.2787778,163
1745441683.2899323,164
1745441683.2991314,165
1745441683.3012679,166
1745441683.3012679,167
1745441683.307192,168
1745441683.307192,169
1745441683.307192,170
1745441683.30873,171
1745441683.30873,172
1745441683.30873,173
1745441683.3156536,174
1745441683.3156536,175
1745441683.3156536,176
1745441683.3156536,177
1745441683.3195555,178
1745441683.3195555,179
1745441683.3195555,180
1745441683.3238707,181
1745441683.3238707,182
1745441683.3243015,183
1745441683.3278089,184
1745441683.3278089,185
1745441683.331809,186
1745441683.3323069,187
1745441683.3353398,188
1745441683.3400812,189
1745441683.3400812,190
1745441683.3400812,191
1745441683.3484533,192
1745441683.3525414,193
1745441683.355779,194
1745441683.3607662,195
1745441683.3607662,196
1745441683.3640592,197
1745441683.3686852,198
1745441683.3686852,199
1745441683.3724873,200
1745441683.3739817,201
1745441683.3810558,202
1745441683.3810558,203
1745441683.3835974,204
1745441683.3926466,205
1745441683.3974524,206
1745441683.4057655,207
1745441683.4260428,208
1745441683.5367644,207
1745441683.558944,206
1745441683.5651314,205
1745441683.573247,204
1745441683.5772736,203
1745441683.5772736,202
1745441683.5815833,201
1745441683.583339,200
1745441683.583339,199
1745441683.5891454,198
1745441683.5891454,197
1745441683.5930088,196
1745441683.5930088,195
1745441683.597496,194
1745441683.5985012,193
1745441683.5988293,192
1745441683.5988293,191
1745441683.6065366,190
1745441683.6065366,189
1745441683.610053,188
1745441683.610053,187
1745441683.6140802,186
1745441683.6140802,185
1745441683.6187265,184
1745441683.6187265,183
1745441683.6224318,182
1745441683.6224318,181
1745441683.6224318,180
1745441683.6257622,179
1745441683.6257622,178
1745441683.6257622,177
1745441683.6306305,176
1745441683.6306305,175
1745441683.6306305,174
1745441683.6321456,173
1745441683.6321456,172
1745441683.6321456,171
1745441683.6391046,170
1745441683.6391046,169
1745441683.6427429,168
1745441683.6427429,167
1745441683.647439,166
1745441683.647439,165
1745441683.651065,164
1745441683.651065,163
1745441683.651065,162
1745441683.6557581,161
1745441683.6557581,160
1745441683.6557581,159
1745441683.6557581,158
1745441683.6593182,157
1745441683.6593182,156
1745441683.6593182,155
1745441683.6623178,154
1745441683.664071,153
1745441683.664071,152
1745441683.664071,151
1745441683.667564,150
1745441683.667564,149
1745441683.667564,148
1745441683.667564,147
1745441683.6705647,146
1745441683.6705647,145
1745441683.6724322,144
1745441683.6724322,143
1745441683.6759038,142
1745441683.6759038,141
1745441683.6759038,140
1745441683.6789033,139
1745441683.6789033,138
1745441683.6789033,137
1745441683.6789033,136
1745441683.684271,135
1745441683.684271,134
1745441683.684271,133
1745441683.684271,132
1745441683.6862702,131
1745441683.6862702,130
1745441683.6862702,129
1745441683.6925194,128
1745441683.6925194,127
1745441683.6925194,126
1745441683.6925194,125
1745441683.6945183,124
1745441683.6945183,123
1745441683.6945183,122
1745441683.7001903,121
1745441683.7001903,120
1745441683.7001903,119
1745441683.7027316,118
1745441683.7027316,117
1745441683.7027316,116
1745441683.7067578,115
1745441683.7067578,114
1745441683.7067578,113
1745441683.7126276,112
1745441683.7126276,111
1745441683.7126276,110
1745441683.7167118,109
1745441683.7167118,108
1745441683.7167118,107
1745441683.7207112,106
1745441683.7207112,105
1745441683.7207112,104
1745441683.7247953,103
1745441683.7247953,102
1745441683.7247953,101
1745441683.729303,100
1745441683.729303,99
1745441683.729303,98
1745441683.733011,97
1745441683.7337818,96
1745441683.7350812,95
1745441683.7350812,94
1745441683.7350812,93
1745441683.7409158,92
1745441683.7419515,91
1745441683.7419515,90
1745441683.742882,89
1745441683.742882,88
1745441683.742882,87
1745441683.7488408,86
1745441683.7488408,85
1745441683.7488408,84
1745441683.7488408,83
1745441683.7488408,82
1745441683.7488408,81
1745441683.7488408,80
1745441683.7577171,79
1745441683.7577171,78
1745441683.7577171,77
1745441683.7577171,76
1745441683.7577171,75
1745441683.7577171,74
1745441683.7577171,73
1745441683.7662468,72
1745441683.7662468,71
1745441683.7662468,70
1745441683.7662468,69
1745441683.7662468,68
1745441683.7662468,67
1745441683.7745142,66
1745441683.7745142,65
1745441683.7745142,64
1745441683.7779527,63
1745441683.7779527,62
1745441683.7822838,61
1745441683.7827828,60
1745441683.7867866,59
1745441683.7867866,58
1745441683.7906032,57
1745441683.7906032,56
1745441683.794602,55
1745441683.794602,54
1745441683.798439,53
1745441683.798439,52
1745441683.798439,51
1745441683.8072813,50
1745441683.8093235,49
1745441683.8148618,48
1745441683.8168585,47
1745441683.8235188,46
1745441683.8235188,45
1745441683.827484,44
1745441683.8317742,43
1745441683.8317742,42
1745441683.8317742,41
1745441683.8398843,40
1745441683.8398843,39
1745441683.8433907,38
1745441683.8474593,37
1745441683.8474593,36
1745441683.848465,35
1745441683.855837,34
1745441683.8565748,33
1745441683.8600934,32
1745441683.864257,31
1745441683.864257,30
1745441683.8686304,29
1745441683.8724205,28
1745441683.8724205,27
1745441683.8762617,26
1745441683.8808208,25
1745441683.883939,24
1745441683.8892097,23
1745441683.8892097,22
1745441683.8928435,21
1745441683.8958428,20
1745441683.9008822,19
1745441683.9008822,18
1745441683.9038815,17
1745441683.9092853,16
1745441683.9122865,15
1745441683.9122865,14
1745441683.9170682,13
1745441683.920067,12
1745441683.920067,11
1745441683.9259381,10
1745441683.9259381,9
1745441683.928032,8
1745441683.9342003,7
1745441683.9342003,6
1745441683.9362035,5
1745441683.9362035,4
1745441683.9421725,3
1745441683.9421725,2
1745441683.9451723,1
1745441683.9451723,0
1745441683.949904,-1
1745441683.949904,-2
1745441683.9539025,-3
1745441683.9581609,-4
1745441683.9581609,-5
1745441683.9601595,-6
1745441683.9601595,-7
1745441683.9665186,-8
1745441683.9665186,-9
1745441683.9685175,-10
1745441683.9747987,-11
1745441683.9747987,-12
1745441683.976797,-13
1745441683.976797,-14
1745441683.9831815,-15
1745441683.9831815,-16
1745441683.9861805,-17
1745441683.9915178,-18
1745441683.9915178,-19
1745441683.9935164,-20
1745441683.9935164,-21
1745441683.9996932,-22
1745441683.9996932,-23
1745441684.001692,-24
1745441684.001692,-25
1745441684.007046,-26
1745441684.0101166,-27
1745441684.0101166,-28
1745441684.0158505,-29
1745441684.0158505,-30
1745441684.0173504,-31
1745441684.024197,-32
1745441684.0262265,-33
1745441684.032423,-34
1745441684.0344758,-35
1745441684.0404453,-36
1745441684.0444493,-37
1745441684.0529563,-38
1745441684.0567937,-39
1745441684.0567937,-40
1745441684.0647597,-41
1745441684.0676754,-42
1745441684.0732164,-43
1745441684.0808175,-44
1745441684.085366,-45
1745441684.0937119,-46
1745441684.0974398,-47
1745441684.1057732,-48
1745441684.1141188,-49
1745441684.1225014,-50
1745441684.126236,-51
1745441684.1344876,-52
1745441684.1374884,-53
1745441684.1425278,-54
1745441684.151192,-55
1745441684.1541905,-56
1745441684.1587167,-57
1745441684.1597152,-58
1745441684.1627164,-59
1745441684.167636,-60
1745441684.1695223,-61
1745441684.1753588,-62
1745441684.178168,-63
1745441684.184096,-64
1745441684.184096,-65
1745441684.1870997,-66
1745441684.1915934,-67
1745441684.1945922,-68
1745441684.199935,-69
1745441684.199935,-70
1745441684.2019339,-71
1745441684.2081587,-72
1745441684.2101574,-73
1745441684.2101574,-74
1745441684.2166054,-75
1745441684.2186043,-76
1745441684.2186043,-77
1745441684.2247307,-78
1745441684.2272382,-79
1745441684.2332354,-80
1745441684.2332354,-81
1745441684.2352386,-82
1745441684.2406492,-83
1745441684.2406492,-84
1745441684.2437315,-85
1745441684.248795,-86
1745441684.2518837,-87
1745441684.2518837,-88
1745441684.2570825,-89
1745441684.2601495,-90
1745441684.2601495,-91
1745441684.2653992,-92
1745441684.2674813,-93
1745441684.2674813,-94
1745441684.2735746,-95
1745441684.2735746,-96
1745441684.2758253,-97
1745441684.2822304,-98
1745441684.2822304,-99
1745441684.2843015,-100
1745441684.2843015,-101
1745441684.2904544,-102
1745441684.2944582,-103
1745441684.2944582,-104
1745441684.2984629,-105
1745441684.2990158,-106
1745441684.3020225,-107
1745441684.3067963,-108
1745441684.3067963,-109
1745441684.3107095,-110
1745441684.31128,-111
1745441684.3142877,-112
1745441684.319054,-113
1745441684.319054,-114
1745441684.3225272,-115
1745441684.3265054,-116
1745441684.3265054,-117
1745441684.3311756,-118
1745441684.3311756,-119
1745441684.3357205,-120
1745441684.3357205,-121
1745441684.3391736,-122
1745441684.3391736,-123
1745441684.3437974,-124
1745441684.347475,-125
1745441684.347475,-126
1745441684.351152,-127
1745441684.3521514,-128
1745441684.3557968,-129
1745441684.3602939,-130
1745441684.3602939,-131
1745441684.3641396,-132
1745441684.3675768,-133
1745441684.3724601,-134
1745441684.375868,-135
1745441684.3768678,-136
1745441684.3788676,-137
1745441684.384295,-138
1745441684.387297,-139
1745441684.3891754,-140
1745441684.3928733,-141
1745441684.3958726,-142
1745441684.3958726,-143
1745441684.401152,-144
1745441684.4040983,-145
1745441684.4040983,-146
1745441684.4094067,-147
1745441684.4094067,-148
1745441684.411407,-149
1745441684.411407,-150
1745441684.417518,-151
1745441684.419518,-152
1745441684.419518,-153
1745441684.424857,-154
1745441684.424857,-155
1745441684.4283638,-156
1745441684.4283638,-157
1745441684.433105,-158
1745441684.4361024,-159
1745441684.4421513,-160
1745441684.4421513,-161
1745441684.445155,-162
1745441684.4498909,-163
1745441684.4498909,-164
1745441684.4519882,-165
1745441684.4519882,-166
1745441684.458534,-167
1745441684.4605331,-168
1745441684.4605331,-169
1745441684.4657414,-170
1745441684.4668334,-171
1745441684.4688325,-172
1745441684.4749546,-173
1745441684.4749546,-174
1745441684.4769545,-175
1745441684.4769545,-176
1745441684.48227,-177
1745441684.48227,-178
1745441684.4853315,-179
1745441684.4853315,-180
1745441684.490387,-181
1745441684.49146,-182
1745441684.493459,-183
1745441684.498706,-184
1745441684.498706,-185
1745441684.5017989,-186
1745441684.5017989,-187
1745441684.507139,-188
1745441684.507139,-189
1745441684.5093174,-190
1745441684.5156465,-191
1745441684.5156465,-192
1745441684.5186448,-193
1745441684.5186448,-194
1745441684.52391,-195
1745441684.52391,-196
1745441684.52648,-197
1745441684.52648,-198
1745441684.5322304,-199
1745441684.5343406,-200
1745441684.5343406,-201
1745441684.539979,-202
1745441684.542672,-203
1745441684.5485792,-204
1745441684.5502095,-205
1745441684.5566564,-206
1745441684.564173,-207
1745441684.5651789,-208
1745441684.5651789,-209
1745441684.5728261,-210
1745441684.5749705,-211
1745441684.5749705,-212
1745441684.5810149,-213
1745441684.5838952,-214
1745441684.5838952,-215
1745441684.5891619,-216
1745441684.5891619,-217
1745441684.5937233,-218
1745441684.5937233,-219
1745441684.5974793,-220
1745441684.5974793,-221
1745441684.6018744,-222
1745441684.6059005,-223
1745441684.610137,-224
1745441684.6142416,-225
1745441684.6156228,-226
1745441684.6156228,-227
1745441684.6246445,-228
1745441684.6267684,-229
1745441684.6327748,-230
1745441684.6327748,-231
1745441684.6469011,-232
1745441684.6505935,-233
1745441684.6505935,-234
1745441684.6584737,-235
1745441684.6624727,-236
1745441684.670643,-237
1745441684.6748183,-238
1745441684.6778169,-239
1745441684.6861427,-240
1745441684.6935205,-241
1745441684.7000344,-242
1745441684.7080195,-243
1745441684.7165134,-244
1745441684.7205136,-245
1745441684.7269518,-246
1745441684.7321496,-247
1745441684.7411056,-248
1745441684.7452233,-249
1745441684.7493296,-250
1745441684.7519844,-251
1745441684.757475,-252
1745441684.761479,-253
1745441684.7652876,-254
1745441684.7736204,-255
1745441684.7772214,-256
1745441684.7818608,-257
1745441684.7818608,-258
1745441684.789992,-259
1745441684.7985342,-260
1745441684.801975,-261
1745441684.8058286,-262
1745441684.8101306,-263
1745441684.8141325,-264
1745441684.8182497,-265
1745441684.8225,-266
1745441684.8270667,-267
1745441684.8308003,-268
1745441684.8332572,-269
1745441684.8391607,-270
1745441684.8434577,-271
1745441684.850958,-272
1745441684.8558762,-273
1745441684.8594666,-274
1745441684.8679147,-275
1745441684.876095,-276
1745441684.8790948,-277
1745441684.8864846,-278
1745441684.8950558,-279
1745441684.9000623,-280
1745441684.9091053,-281
1745441684.9169786,-282
1745441684.925204,-283
1745441684.9328282,-284
1745441684.9418554,-285
1745441684.9491625,-286
1745441684.957396,-287
1745441684.9664185,-288
1745441684.9704216,-289
1745441684.9738033,-290
1745441684.9819965,-291
1745441684.9860003,-292
1745441684.9946566,-293
1745441684.998531,-294
1745441684.998531,-295
1745441685.009347,-296
1745441685.0154634,-297
1745441685.0235589,-298
1745441685.031874,-299
1745441685.0402765,-300
1745441685.0645597,-301
1745441685.0982947,-302
1745441685.2274282,-301
1745441685.2525744,-300
1745441685.265072,-299
1745441685.2776809,-298
1745441685.2855747,-297
1745441685.2902265,-296
1745441685.2977982,-295
1745441685.3059356,-294
1745441685.3098216,-293
1745441685.314206,-292
1745441685.3187177,-291
1745441685.3187177,-290
1745441685.3226206,-289
1745441685.326841,-288
1745441685.3309379,-287
1745441685.3345428,-286
1745441685.3392167,-285
1745441685.3392167,-284
1745441685.3427675,-283
1745441685.3457673,-282
1745441685.351146,-281
1745441685.3541455,-280
1745441685.3594882,-279
1745441685.3594882,-278
1745441685.3624885,-277
1745441685.3678367,-276
1745441685.3678367,-275
1745441685.3708365,-274
1745441685.3758872,-273
1745441685.3758872,-272
1745441685.377887,-271
1745441685.377887,-270
1745441685.3841956,-269
1745441685.3841956,-268
1745441685.3861947,-267
1745441685.3861947,-266
1745441685.3916385,-265
1745441685.3926392,-264
1745441685.3946376,-263
1745441685.3946376,-262
1745441685.40006,-261
1745441685.40006,-260
1745441685.4020603,-259
1745441685.4020603,-258
1745441685.4020603,-257
1745441685.4086885,-256
1745441685.4086885,-255
1745441685.4106874,-254
1745441685.4106874,-253
1745441685.4166903,-252
1745441685.4166903,-251
1745441685.4166903,-250
1745441685.4186895,-249
1745441685.4186895,-248
1745441685.4250414,-247
1745441685.4250414,-246
1745441685.4275439,-245
1745441685.4275439,-244
1745441685.4332495,-243
1745441685.4362445,-242
1745441685.4362445,-241
1745441685.4406245,-240
1745441685.4416833,-239
1745441685.4436822,-238
1745441685.4436822,-237
1745441685.448912,-236
1745441685.4519758,-235
1745441685.4519758,-234
1745441685.457635,-233
1745441685.457635,-232
1745441685.460406,-231
1745441685.460406,-230
1745441685.4660177,-229
1745441685.4660177,-228
1745441685.4681134,-227
1745441685.4742558,-226
1745441685.4742558,-225
1745441685.4742558,-224
1745441685.4762883,-223
1745441685.4762883,-222
1745441685.4824135,-221
1745441685.4824135,-220
1745441685.484473,-219
1745441685.484473,-218
1745441685.490623,-217
1745441685.490623,-216
1745441685.4927108,-215
1745441685.4989605,-214
1745441685.501035,-213
1745441685.506614,-212
1745441685.5093524,-211
1745441685.5150552,-210
1745441685.5195265,-209
1745441685.5195265,-208
1745441685.5235426,-207
1745441685.5275815,-206
1745441685.5275815,-205
1745441685.5308688,-204
1745441685.531873,-203
1745441685.535409,-202
1745441685.535409,-201
1745441685.539195,-200
1745441685.539195,-199
1745441685.5402603,-198
1745441685.5436769,-197
1745441685.5436769,-196
1745441685.547536,-195
1745441685.552216,-194
1745441685.552216,-193
1745441685.5558717,-192
1745441685.5558717,-191
1745441685.5569513,-190
1745441685.5569513,-189
1745441685.5645595,-188
1745441685.5645595,-187
1745441685.5666146,-186
1745441685.5721214,-185
1745441685.5749397,-184
1745441685.5749397,-183
1745441685.5840461,-182
1745441685.587046,-181
1745441685.5927026,-180
1745441685.595702,-179
1745441685.6008303,-178
1745441685.6041338,-177
1745441685.6087775,-176
1745441685.6107764,-175
1745441685.616917,-174
1745441685.619917,-173
1745441685.619917,-172
1745441685.6256948,-171
1745441685.6292024,-170
1745441685.6292024,-169
1745441685.6332593,-168
1745441685.6362593,-167
1745441685.6362593,-166
1745441685.6415977,-165
1745441685.644597,-164
1745441685.644597,-163
1745441685.6499465,-162
1745441685.6529458,-161
1745441685.6582203,-160
1745441685.6582203,-159
1745441685.6602194,-158
1745441685.6666331,-157
1745441685.6666331,-156
1745441685.668634,-155
1745441685.6750145,-154
1745441685.677013,-153
1745441685.6832652,-152
1745441685.6852648,-151
1745441685.690558,-150
1745441685.6936219,-149
1745441685.6987312,-148
1745441685.7017977,-147
1745441685.7073555,-146
1745441685.7093914,-145
1745441685.7093914,-144
1745441685.715589,-143
1745441685.7177043,-142
1745441685.7177043,-141
1745441685.7237697,-140
1745441685.727582,-139
1745441685.7323039,-138
1745441685.7323039,-137
1745441685.7343698,-136
1745441685.740457,-135
1745441685.7444608,-134
1745441685.7486737,-133
1745441685.7521765,-132
1745441685.756953,-131
1745441685.7652283,-130
1745441685.7725704,-129
1745441685.7808895,-128
1745441685.7892585,-127
1745441685.7938054,-126
1745441685.7975645,-125
1745441685.8020315,-124
1745441685.806011,-123
1745441685.806011,-122
1745441685.8093445,-121
1745441685.81435,-120
1745441685.8178926,-119
1745441685.8208923,-118
1745441685.8262668,-117
1745441685.8297765,-116
1745441685.834339,-115
1745441685.837339,-114
1745441685.8427584,-113
1745441685.8457584,-112
1745441685.8509188,-111
1745441685.8529189,-110
1745441685.8566148,-109
1745441685.8631308,-108
1745441685.8631308,-107
1745441685.8651357,-106
1745441685.8651357,-105
1745441685.8749013,-104
1745441685.8778355,-103
1745441685.8778355,-102
1745441685.8832521,-101
1745441685.8862495,-100
1745441685.8862495,-99
1745441685.8915331,-98
1745441685.8936636,-97
1745441685.9004068,-96
1745441685.9023767,-95
1745441685.9023767,-94
1745441685.907602,-93
1745441685.911601,-92
1745441685.9167044,-91
1745441685.9187036,-90
1745441685.924097,-89
1745441685.9322424,-88
1745441685.9372466,-87
1745441685.944771,-86
1745441685.9510403,-85
1745441685.9593656,-84
1745441685.9654417,-83
1745441685.9739769,-82
1745441685.9779806,-81
1745441685.9819157,-80
1745441685.9819157,-79
1745441685.9899118,-78
1745441685.9926546,-77
1745441685.9983342,-76
1745441686.0018036,-75
1745441686.0058928,-74
1745441686.0103908,-73
1745441686.0142527,-72
1745441686.0152576,-71
1745441686.0225945,-70
1745441686.026838,-69
1745441686.030926,-68
1745441686.0319307,-67
1745441686.0393977,-66
1745441686.0393977,-65
1745441686.0410173,-64
1745441686.0477543,-63
1745441686.0477543,-62
1745441686.0497649,-61
1745441686.0497649,-60
1745441686.0560393,-59
1745441686.0560393,-58
1745441686.0600507,-57
1745441686.0642898,-56
1745441686.0642898,-55
1745441686.0670466,-54
1745441686.0670466,-53
1745441686.0762517,-52
1745441686.0792549,-51
1745441686.084498,-50
1745441686.084498,-49
1745441686.087498,-48
1745441686.0927644,-47
1745441686.0947654,-46
1745441686.1010633,-45
1745441686.1030643,-44
1745441686.1087902,-43
1745441686.1117885,-42
1745441686.117115,-41
1745441686.1191123,-40
1745441686.1252775,-39
1745441686.128787,-38
1745441686.133643,-37
1745441686.141595,-36
1745441686.145594,-35
1745441686.150069,-34
1745441686.1578982,-33
1745441686.161903,-32
1745441686.1659362,-31
1745441686.1659362,-30
1745441686.168999,-29
1745441686.1741643,-28
1745441686.17725,-27
1745441686.1826358,-26
1745441686.1826358,-25
1745441686.1848474,-24
1745441686.190953,-23
1745441686.192494,-22
1745441686.192494,-21
1745441686.199304,-20
1745441686.199304,-19
1745441686.2013676,-18
1745441686.2076201,-17
1745441686.2076201,-16
1745441686.2096908,-15
1745441686.2096908,-14
1745441686.2155356,-13
1745441686.2195392,-12
1745441686.2195392,-11
1745441686.2236044,-10
1745441686.2236044,-9
1745441686.2276454,-8
1745441686.2321007,-7
1745441686.2321007,-6
1745441686.2335386,-5
1745441686.240052,-4
1745441686.2436004,-3
1745441686.2446003,-2
1745441686.247701,-1
1745441686.2521367,0
1745441686.2521367,1
1745441686.2559273,2
1745441686.2559273,3
1745441686.2603893,4
1745441686.264257,5
1745441686.264257,6
1745441686.2687447,7
1745441686.272737,8
1745441686.272737,9
1745441686.2737472,10
1745441686.2737472,11
1745441686.2809181,12
1745441686.2849128,13
1745441686.2849128,14
1745441686.2892632,15
1745441686.292789,16
1745441686.2937884,17
1745441686.2976234,18
1745441686.2976234,19
1745441686.3011098,20
1745441686.3041124,21
1745441686.3059402,22
1745441686.3090177,23
1745441686.3100967,24
1745441686.3137374,25
1745441686.3137374,26
1745441686.3173466,27
1745441686.3213468,28
1745441686.3213468,29
1745441686.3261082,30
1745441686.3261082,31
1745441686.3296144,32
1745441686.3296144,33
1745441686.3342981,34
1745441686.3363028,35
1745441686.3363028,36
1745441686.342041,37
1745441686.342041,38
1745441686.3467455,39
1745441686.3467455,40
1745441686.350202,41
1745441686.350202,42
1745441686.3546665,43
1745441686.3585348,44
1745441686.3585348,45
1745441686.3625343,46
1745441686.3625343,47
1745441686.3665884,48
1745441686.3705883,49
1745441686.3705883,50
1745441686.374933,51
1745441686.374933,52
1745441686.376932,53
1745441686.383323,54
1745441686.383323,55
1745441686.385322,56
1745441686.3917017,57
1745441686.3936996,58
1745441686.3999443,59
1745441686.4019432,60
1745441686.407422,61
1745441686.4104543,62
1745441686.415696,63
1745441686.4187684,64
1745441686.4242353,65
1745441686.4278524,66
1745441686.4322615,67
1745441686.4362655,68
1745441686.4403677,69
1745441686.4446557,70
1745441686.4491386,71
1745441686.451296,72
1745441686.4573178,73
1745441686.461322,74
1745441686.4652786,75
1745441686.4696732,76
1745441686.47368,77
1745441686.47749,78
1745441686.4819798,79
1745441686.4854498,80
1745441686.4893801,81
1745441686.4903853,82
1745441686.4936907,83
1745441686.4977047,84
1745441686.4987097,85
1745441686.4987097,86
1745441686.5059507,87
1745441686.5102534,88
1745441686.5102534,89
1745441686.5142884,90
1745441686.5142884,91
1745441686.5187643,92
1745441686.5226166,93
1745441686.5226166,94
1745441686.5261493,95
1745441686.5271485,96
1745441686.5309558,97
1745441686.534431,98
1745441686.5354304,99
1745441686.5393376,100
1745441686.5393376,101
1745441686.5428326,102
1745441686.5458322,103
1745441686.551005,104
1745441686.554004,105
1745441686.5594928,106
1745441686.5624926,107
1745441686.5709488,108
1745441686.573682,109
1745441686.5843349,110
1745441686.59185,111
1745441686.5958536,112
1745441686.5998826,113
1745441686.6081705,114
1745441686.6121693,115
1745441686.6168175,116
1745441686.6208167,117
1745441686.6250439,118
1745441686.6285474,119
1745441686.635434,120
1745441686.6409655,121
1745441686.6440458,122
1745441686.649147,123
1745441686.6573532,124
1745441686.6613574,125
1745441686.6657217,126
1745441686.6697593,127
1745441686.674062,128
1745441686.6822362,129
1745441686.68624,130
1745441686.6908314,131
1745441686.6948352,132
1745441686.6986358,133
1745441686.7072911,134
1745441686.709365,135
1745441686.7193837,136
1745441686.7236457,137
1745441686.7318919,138
1745441686.735411,139
1745441686.7392964,140
1745441686.7476764,141
1745441686.7520142,142
1745441686.7559855,143
1745441686.764293,144
1745441686.772672,145
1745441686.7847967,146
1745441686.7961292,147
1745441686.7986376,148
1745441686.812939,149
1745441686.8208294,150
1745441686.8237045,151
1745441686.827736,152
1745441686.833377,153
1745441686.8363757,154
1745441686.8447397,155
1745441686.8500497,156
1745441686.8582318,157
1745441686.8622308,158
1745441686.870765,159
1745441686.8771348,160
1745441687.1576324,159
1745441687.1778352,158
1745441687.1820116,157
1745441687.1904423,156
1745441687.1985219,155
1745441687.2020497,154
1745441687.207055,153
1745441687.2152479,152
1745441687.2188544,151
1745441687.2272065,150
1745441687.2310195,149
1745441687.2393298,148
1745441687.2439516,147
1745441687.2477703,146
1745441687.2512658,145
1745441687.256035,144
1745441687.256035,143
1745441687.2601888,142
1745441687.2643824,141
1745441687.2643824,140
1745441687.2681372,139
1745441687.2681372,138
1745441687.2681372,137
1745441687.271137,136
1745441687.2727273,135
1745441687.2763886,134
1745441687.2763886,133
1745441687.2793887,132
1745441687.2793887,131
1745441687.2810552,130
1745441687.2847729,129
1745441687.2847729,128
1745441687.2877724,127
1745441687.2877724,126
1745441687.2930346,125
1745441687.2930346,124
1745441687.2950351,123
1745441687.2950351,122
1745441687.301322,121
1745441687.301322,120
1745441687.303326,119
1745441687.303326,118
1745441687.3093004,117
1745441687.3113015,116
1745441687.3113015,115
1745441687.3174634,114
1745441687.3174634,113
1745441687.3204637,112
1745441687.3204637,111
1745441687.3255823,110
1745441687.3255823,109
1745441687.328087,108
1745441687.328087,107
1745441687.3337896,106
1745441687.3337896,105
1745441687.335789,104
1745441687.335789,103
1745441687.3421502,102
1745441687.3441498,101
1745441687.350351,100
1745441687.350351,99
1745441687.3523512,98
1745441687.358677,97
1745441687.3606765,96
1745441687.3606765,95
1745441687.365937,94
1745441687.3670084,93
1745441687.3690073,92
1745441687.3690073,91
1745441687.3742626,90
1745441687.3742626,89
1745441687.3773298,88
1745441687.3773298,87
1745441687.3773298,86
1745441687.3826108,85
1745441687.3826108,84
1745441687.3856826,83
1745441687.3856826,82
1745441687.3856826,81
1745441687.390973,80
1745441687.390973,79
1745441687.393076,78
1745441687.393076,77
1745441687.3994107,76
1745441687.3994107,75
1745441687.3994107,74
1745441687.4014108,73
1745441687.4014108,72
1745441687.4075902,71
1745441687.4075902,70
1745441687.4096603,69
1745441687.4096603,68
1745441687.4154649,67
1745441687.41816,66
1745441687.41816,65
1745441687.4236927,64
1745441687.4236927,63
1745441687.4280615,62
1745441687.4280615,61
1745441687.4318154,60
1745441687.43473,59
1745441687.43473,58
1745441687.440208,57
1745441687.440208,56
1745441687.4430418,55
1745441687.4478626,54
1745441687.4478626,53
1745441687.4492624,52
1745441687.4492624,51
1745441687.456493,50
1745441687.456493,49
1745441687.4587324,48
1745441687.4643793,47
1745441687.4643793,46
1745441687.4689336,45
1745441687.4689336,44
1745441687.4726768,43
1745441687.4726768,42
1745441687.4771717,41
1745441687.4771717,40
1745441687.4810731,39
1745441687.4810731,38
1745441687.4810731,37
1745441687.4849885,36
1745441687.4849885,35
1745441687.489371,34
1745441687.489371,33
1745441687.492995,32
1745441687.4939954,31
1745441687.4939954,30
1745441687.4969943,29
1745441687.4979959,28
1745441687.5015318,27
1745441687.5015318,26
1745441687.5060368,25
1745441687.5060368,24
1745441687.509565,23
1745441687.509565,22
1745441687.5125644,21
1745441687.5143576,20
1745441687.517926,19
1745441687.517926,18
1745441687.5209258,17
1745441687.5261312,16
1745441687.5261312,15
1745441687.5296376,14
1745441687.5344481,13
1745441687.5364478,12
1745441687.5364478,11
1745441687.542538,10
1745441687.5455377,9
1745441687.5509243,8
1745441687.5509243,7
1745441687.5529242,6
1745441687.558632,5
1745441687.5616302,4
1745441687.5666876,3
1745441687.5666876,2
1745441687.569686,1
1745441687.5751505,0
1745441687.577153,-1
1745441687.582992,-2
1745441687.582992,-3
1745441687.582992,-4
1745441687.592025,-5
1745441687.592025,-6
1745441687.599806,-7
1745441687.6038125,-8
1745441687.6081233,-9
1745441687.6087804,-10
1745441687.6118898,-11
1745441687.615841,-12
1745441687.6198406,-13
1745441687.6241405,-14
1745441687.6286495,-15
1745441687.6327832,-16
1745441687.6342409,-17
1745441687.6412175,-18
1745441687.6412175,-19
1745441687.6433606,-20
1745441687.6493583,-21
1745441687.6533623,-22
1745441687.661484,-23
1745441687.6657205,-24
1745441687.667878,-25
1745441687.673755,-26
1745441687.6773078,-27
1745441687.682055,-28
1745441687.6856349,-29
1745441687.6904325,-30
1745441687.6977334,-31
1745441687.7060783,-32
1745441687.707086,-33
1745441687.7187693,-34
1745441687.7237313,-35
1745441687.7335713,-36
1745441687.7394147,-37
1745441687.743487,-38
1745441687.7512743,-39
1745441687.7542744,-40
1745441687.7595973,-41
1745441687.7625973,-42
1745441687.7675352,-43
1745441687.7764266,-44
1745441687.779426,-45
1745441687.7885575,-46
1745441687.7908044,-47
1745441687.8003323,-48
1745441687.8091376,-49
1745441687.812452,-50
1745441687.8211331,-51
1745441687.825349,-52
1745441687.828859,-53
1745441687.8358953,-54
1745441687.8402977,-55
1745441687.8402977,-56
1745441687.8492584,-57
1745441687.8581593,-58
1745441687.8621585,-59
1745441687.8656754,-60
1745441687.8687387,-61
1745441687.8762336,-62
1745441687.8823621,-63
1745441687.8907595,-64
1745441687.9032295,-65
1745441687.9237678,-66
1745441688.5711083,-65
1745441688.6397753,-64
1745441688.7293975,-63
1745441688.7564938,-62
1745441688.7754972,-61
1745441688.8045206,-60
1745441688.8405168,-59
1745441688.8778734,-58
1745441688.9107769,-57
1745441688.935361,-56
1745441688.9560046,-55
1745441688.97397,-54
1745441688.9904962,-53
1745441689.0087981,-52
1745441689.0238748,-51
1745441689.0413005,-50
1745441689.057179,-49
1745441689.0904894,-48
1745441689.1239429,-47
1745441689.1568506,-46
1745441689.4113405,-45
1745441689.473747,-44
1745441689.5570512,-43
1745441689.6803536,-42
1745441689.7404044,-41
1745441689.765328,-40
1745441689.7904813,-39
1745441689.9674296,-38
1745441690.0321567,-37
1745441690.0821521,-36
